rollout/episodes,reference_Q_std,rollout/actions_std,reference_actor_Q_mean,total/steps_per_second,rollout/episode_steps,total/episodes,total/steps,reference_perturbed_action_std,total/duration,train/loss_critic,total/epochs,reference_action_mean,rollout/Q_mean,train/loss_actor,reference_action_std,train/param_noise_distance,param_noise_stddev,rollout/return,obs_rms_mean,rollout/return_history,reference_actor_Q_std,reference_Q_mean,rollout/actions_mean,reference_perturbed_action_mean,obs_rms_std
2.0,2.6538290977478027,0.7017131985225875,2.0341060161590576,122.80387419019621,1000.0,2.0,2000,0.6594061851501465,16.286131143569946,0.13174954265356065,1,0.6947056651115417,0.006377508694306016,-1.1856240904331208,0.5169091820716858,0.2683107767999172,0.06965693719894053,-233.20055374902745,0.03844626247882843,-233.20055374902745,2.651128053665161,1.57686185836792,0.2282680569061631,0.6222819685935974,1.385553240776062
4.0,2.9372363090515137,0.7132947390658506,4.997890949249268,126.82500031541426,1000.0,4.0,4000,0.83504319190979,31.539522886276245,0.1578844156861305,2,0.00037630400038324296,2.219463857614435,-5.2215658473968505,0.8321717977523804,0.22535670161247254,0.05823440555183466,-272.6955943719202,0.07083524018526077,-272.6955943719202,2.640556812286377,4.4396514892578125,0.2303147595242408,0.0694475844502449,1.19669508934021
6.0,3.2942955493927,0.7544914622163109,6.975539207458496,129.4305988953999,1000.0,6.0,6000,0.6900506019592285,46.356889724731445,0.18967222273349763,3,0.37241053581237793,4.0091541743831085,-7.546431827545166,0.7079137563705444,0.20476249128580093,0.04235412222587577,-267.4227236702725,0.06349752843379974,-267.4227236702725,3.10884952545166,6.635249137878418,-0.051201219944952754,0.4752861559391022,1.19405198097229
8.0,1.7081660032272339,0.7766643267353929,10.069265365600586,131.83201206452077,1000.0,8.0,8000,0.7104225754737854,60.68328833580017,0.1385253593325615,4,0.178447425365448,5.249869746130425,-10.101615238189698,0.8099271059036255,0.20191662400960922,0.03758713295613906,-233.05076642238436,0.08089472353458405,-233.05076642238436,1.4039138555526733,9.509260177612305,-0.01311716959518526,0.3002757728099823,1.353894591331482
10.0,1.725983738899231,0.7712049378774769,12.147783279418945,131.8734045700777,1000.0,10.0,10000,0.8505357503890991,75.83030128479004,0.37277880758047105,5,0.025307729840278625,6.745134757885709,-12.932250480651856,0.8633072376251221,0.19509091436862946,0.03758713295613906,-111.56894125616937,0.09153440594673157,-111.56894125616937,1.5989420413970947,11.616710662841797,-0.1754710591683921,0.08237188309431076,1.563563585281372
12.0,1.8130156993865967,0.7585191091964717,17.575672149658203,132.73794556068955,1000.0,12.0,12000,0.8110625147819519,90.40368938446045,0.7004228484630585,6,0.11577516049146652,7.157153576183132,-16.209423828125,0.8081799745559692,0.20759772330522538,0.034711086666206405,-112.60887545553582,0.09373955428600311,-112.60887545553582,1.6391652822494507,16.838945388793945,-0.2960059593554518,0.14886336028575897,1.6092729568481445
14.0,1.6912175416946411,0.7425962110982545,23.29106330871582,133.1563380683637,1000.0,14.0,14000,0.7996577620506287,105.13956904411316,0.7391061735153198,7,0.14487193524837494,6.750774326927162,-18.356271438598633,0.7755202054977417,0.20224408358335494,0.03335667202186391,-157.1045727919411,0.09217114001512527,-157.1045727919411,1.4698270559310913,22.200336456298828,-0.39272104190784324,0.10820749402046204,1.53597092628479
16.0,2.2199089527130127,0.7238730018522944,28.13869285583496,134.3578503395505,1000.0,16.0,16000,0.7347941994667053,119.08496570587158,0.9611860275268554,8,0.2696261703968048,6.242946532229195,-19.608831901550293,0.708837628364563,0.2015396723151207,0.03402714112950338,-194.33221653434322,0.08262035995721817,-194.33221653434322,2.132784366607666,27.271141052246094,-0.46170885484091195,0.3032569885253906,1.4749916791915894
18.0,2.0721046924591064,0.697723031861638,32.88217544555664,134.24810172251344,1000.0,18.0,18000,0.681579053401947,134.08010816574097,0.8759819191694259,9,0.2243855595588684,7.551253570788643,-20.366929550170898,0.7402485609054565,0.19821513712406158,0.03612049597631191,-183.16455030951713,0.08978863805532455,-183.16455030951713,1.962130069732666,31.863277435302734,-0.5028135634602804,0.2604576647281647,1.4999902248382568
20.0,2.2032570838928223,0.7048073667027307,36.865760803222656,133.89131917307546,1000.0,20.0,20000,0.6731916666030884,149.37488198280334,1.1139559078216552,10,0.3534379005432129,10.273207165068575,-24.131419563293456,0.7306008338928223,0.2002177432179451,0.0347110866662064,-166.25809549389717,0.09285271167755127,-166.25809549389717,2.128838539123535,36.069557189941406,-0.45232342968032174,0.4193166196346283,1.5121210813522339
22.0,2.596290349960327,0.6861667185669814,39.98974609375,134.29765649556887,1000.0,22.0,22000,0.7284117341041565,163.81521892547607,1.566804083585739,11,0.339934378862381,13.194952164666388,-28.49262104034424,0.7298543453216553,0.19924085542559625,0.03402714112950338,-113.68168559861834,0.0983971431851387,-113.68168559861834,2.4690403938293457,39.09587097167969,-0.49432214619226444,0.36399173736572266,1.6218726634979248
24.0,2.631990909576416,0.6701725229689234,42.2431640625,132.9673712744092,1000.0,24.0,24000,0.743407666683197,180.49540853500366,1.1199250096082687,12,0.19507716596126556,14.07992740197992,-28.91793876647949,0.7454795837402344,0.20004054725170137,0.0314234939421342,-131.1841448685592,0.10450464487075806,-131.1841448685592,2.4207866191864014,41.44492721557617,-0.5252416030665894,0.22091688215732574,1.736634373664856
26.0,2.2743337154388428,0.6651374728223335,45.403480529785156,131.58251072533184,1000.0,26.0,26000,0.7661643028259277,197.5946488380432,2.7249259114265443,13,0.06513082981109619,13.547756431201472,-26.89615665435791,0.761865496635437,0.19761597365140915,0.03335667202186391,-160.50662731261997,0.10998561233282089,-160.50662731261997,1.9210187196731567,44.419715881347656,-0.5382885334729105,0.08929572254419327,1.8451416492462158
28.0,1.6553641557693481,0.6628340223428766,48.98222351074219,132.27600781584707,1000.0,28.0,28000,0.6975808143615723,211.67859888076782,2.367200549840927,14,-0.001060356735251844,13.502788340383475,-26.946633415222166,0.6737402081489563,0.20128365159034728,0.02960235274322695,-152.26815810240583,0.11306054145097733,-152.26815810240583,1.5662543773651123,48.08529281616211,-0.5394731886598175,-0.019901731982827187,1.948502540588379
30.0,1.6542942523956299,0.6491739798427103,51.9286003112793,132.5704836719001,1000.0,30.0,30000,0.6732388734817505,226.29471635818481,2.2891057896614075,15,0.13922332227230072,13.944327669634546,-27.191611976623534,0.6797353029251099,0.20279469728469848,0.03269941380439556,-142.27248713165858,0.11469725519418716,-142.27248713165858,1.4597896337509155,50.89986801147461,-0.5609664518649466,0.18518638610839844,2.0220394134521484
32.0,1.4741357564926147,0.6342583704438557,53.82396697998047,133.03173465387945,1000.0,32.0,32000,0.5956171751022339,240.5441083908081,3.177751660346985,16,0.04326866567134857,16.520559336049597,-29.39886203765869,0.5722088813781738,0.20472869038581848,0.029019069447335507,-108.20830261739458,0.11551418900489807,-108.20830261739458,1.3115806579589844,52.87392044067383,-0.563596685695199,0.16916675865650177,2.0439820289611816
34.0,1.4016408920288086,0.6302666760446682,56.01979446411133,133.38127550484967,1000.0,34.0,34000,0.5803821086883545,254.9083435535431,4.61741312623024,17,-0.015219231136143208,18.956234405614108,-33.770825424194335,0.6160323619842529,0.208269701898098,0.02960235274322695,-60.034043873339044,0.11845164000988007,-60.034043873339044,1.1884647607803345,55.16071701049805,-0.5406048437561677,-0.07084252685308456,2.060087203979492
36.0,2.1693055629730225,0.6276957188893195,57.45501708984375,133.460365457263,1000.0,36.0,36000,0.5624365210533142,269.74300479888916,2.671226396560669,18,0.10479527711868286,21.131566842806112,-35.421989555358884,0.5450888872146606,0.205530723631382,0.028447279136688073,-35.034188668282894,0.1176692470908165,-35.034188668282894,2.103433847427368,56.52977752685547,-0.5233117496875493,0.17027926445007324,2.050039529800415
38.0,2.3704140186309814,0.6345838491027022,59.82384490966797,133.7545184750832,1000.0,38.0,38000,0.5844990611076355,284.1025516986847,1.6015227365493774,19,0.22978603839874268,23.144009536528372,-41.5134143447876,0.5524526834487915,0.2008474835753441,0.02960235274322695,-5.630932349760512,0.11703824251890182,-5.630932349760512,2.1995222568511963,58.85034942626953,-0.49435446832054386,0.2976515293121338,2.058300018310547
40.0,2.4743945598602295,0.6270508230749166,63.55683135986328,134.1708764959579,1000.0,40.0,40000,0.6096102595329285,298.12729144096375,3.976116465330124,20,0.1181962788105011,25.28767328528026,-46.160564270019535,0.5876664519309998,0.2030399465560913,0.026798623766663403,36.33688031972808,0.11778716742992401,36.33688031972808,2.134061098098755,62.30729675292969,-0.49013136615969144,0.11042972654104233,2.0748422145843506
42.0,2.3854451179504395,0.6343610372209401,66.7681884765625,134.17206870833027,1000.0,42.0,42000,0.6603171825408936,313.0308744907379,5.700825833082199,21,0.2090436965227127,26.85664496596663,-50.08443626403809,0.6646758317947388,0.20240854054689408,0.027337276104373337,66.25135995370913,0.11910179257392883,66.25135995370913,2.2987406253814697,65.50076293945312,-0.468145658510747,0.23807160556316376,2.085977792739868
44.0,2.2642769813537598,0.6305707446931446,70.70069885253906,134.57819427417516,1000.0,44.0,44000,0.6394693851470947,326.947468996048,5.440795334577561,22,0.2992044687271118,29.014256009557116,-55.14851547241211,0.6402878165245056,0.1993348017334938,0.028447279136688073,101.6102441130131,0.12036099284887314,101.6102441130131,2.287386417388916,69.48889923095703,-0.45930542341615854,0.3036149740219116,2.1154723167419434
46.0,2.5734896659851074,0.6260256244594221,74.96477508544922,134.49072021098524,1000.0,46.0,46000,0.6580376625061035,342.0310332775116,8.114680299758911,23,0.2810383439064026,31.109876323969548,-58.35487274169922,0.6833148002624512,0.20004537880420684,0.028447279136688073,125.15344011432677,0.11983739584684372,125.15344011432677,2.2794885635375977,73.78392028808594,-0.4464665375817386,0.30315831303596497,2.1368634700775146
48.0,2.2130236625671387,0.6194136884477189,77.64904022216797,134.7579150746625,1000.0,48.0,48000,0.7224692106246948,356.19429087638855,5.6800908589363095,24,0.29162678122520447,31.52205522437277,-59.97904815673828,0.6968121528625488,0.2023256516456604,0.02960235274322695,130.5879876018184,0.11884953081607819,130.5879876018184,2.1231234073638916,76.5447769165039,-0.45178007428463474,0.25284770131111145,2.1242499351501465
50.0,2.6610419750213623,0.6152958289859417,82.0799560546875,135.01037646924686,1000.0,50.0,50000,0.6634712815284729,370.34190487861633,3.747847639322281,25,0.26215097308158875,32.188933982083874,-62.50094924926758,0.7091834545135498,0.2010012024641037,0.02960235274322695,130.42695820112718,0.1182394027709961,130.42695820112718,2.4661056995391846,80.54463195800781,-0.46652671590648087,0.3657641112804413,2.1169886589050293
52.0,3.042637348175049,0.6136070527630358,85.21248626708984,134.9499639298533,1000.0,52.0,52000,0.7300112247467041,385.32800221443176,10.637022249698639,26,0.37135425209999084,32.83948141919427,-65.64828926086426,0.6961426734924316,0.20047161906957625,0.02960235274322695,127.96777751306257,0.11888910830020905,127.96777751306257,2.402881145477295,83.3348617553711,-0.4736673574121173,0.2564159631729126,2.1171367168426514
54.0,2.122147798538208,0.6131881455047856,88.04212951660156,135.03108186023596,1000.0,54.0,54000,0.6792476773262024,399.9079267978668,7.336842542886734,27,0.20960664749145508,33.93450623102879,-65.5026180267334,0.6784809827804565,0.19731397181749344,0.028447279136688073,133.81982861749134,0.11923565715551376,133.81982861749134,1.9902307987213135,86.7314453125,-0.47049419961570077,0.22713135182857513,2.118777275085449
56.0,2.347327947616577,0.6351219025439084,90.85006713867188,134.99151866951632,1000.0,56.0,56000,0.6785953044891357,414.8408770561218,4.497029528617859,28,0.22701303660869598,34.474340448374264,-67.54031921386719,0.6628369092941284,0.1993262818455696,0.02788675535407124,145.21441004513343,0.12138829380273819,145.21441004513343,2.349407434463501,89.70278930664062,-0.4383085436528695,0.1518559753894806,2.110696792602539
58.0,1.998963713645935,0.6533913129220127,94.93655395507812,135.18273996479257,1000.0,58.0,58000,0.7481828927993774,429.0488564968109,2.2427346396446226,29,0.24779517948627472,34.996714775570574,-67.08247573852539,0.7318179607391357,0.19609106659889222,0.029019069447335507,154.73045698828602,0.12333472818136215,154.73045698828602,1.9499396085739136,93.57015991210938,-0.4069277293704806,0.22637997567653656,2.10491681098938
60.0,2.3497354984283447,0.6524533386483129,98.65083312988281,135.0543906704938,1000.0,60.0,60000,0.7144649624824524,444.2654526233673,11.578445196151733,30,0.19412760436534882,37.31099774700012,-71.79095176696778,0.7566524147987366,0.20595979064702988,0.027337276104373337,182.99078195145472,0.12436702847480774,182.99078195145472,2.4961884021759033,97.08828735351562,-0.3945653761786978,0.21917212009429932,2.1190075874328613
62.0,2.5864291191101074,0.6498693665400807,101.86683654785156,135.17034531662867,1000.0,62.0,62000,0.767369270324707,458.6804883480072,5.33940304517746,31,0.21858032047748566,39.615242576929894,-73.68158218383789,0.7540009617805481,0.20580431044101716,0.027337276104373337,208.75338138466535,0.12509693205356598,208.75338138466535,2.2486040592193604,100.29224395751953,-0.3826734840811719,0.2562076151371002,2.131664276123047
64.0,2.117823600769043,0.649880789936535,104.27571105957031,135.032303076565,1000.0,64.0,64000,0.7824488878250122,473.9606637954712,2.502741973400116,32,0.24170617759227753,41.86253324504948,-75.92901649475098,0.759209930896759,0.20365958869457246,0.02788675535407124,240.9655692218095,0.12620511651039124,240.9655692218095,2.0933427810668945,102.91896057128906,-0.36842266438151067,0.22418010234832764,2.143606662750244
66.0,2.0786855220794678,0.657512903844914,107.29469299316406,134.7238327585728,1000.0,66.0,66000,0.776192307472229,489.8910508155823,9.671421287059784,33,0.2549305260181427,44.046680490515506,-77.07897430419922,0.7674105167388916,0.20297998070716858,0.028447279136688073,268.06168651731855,0.12724824249744415,268.06168651731855,2.086473226547241,105.8818359375,-0.34750036882388446,0.2551991641521454,2.1547250747680664
68.0,2.7693450450897217,0.6636349213007218,110.79010009765625,134.91154365865685,1000.0,68.0,68000,0.7255257368087769,504.0339629650116,7.152754094600677,34,0.11310435086488724,46.160558703555836,-81.5448387145996,0.7673006057739258,0.20108442813158034,0.026798623766663403,291.7201203689245,0.12868355214595795,291.7201203689245,2.809464931488037,109.13563537597656,-0.32759438299092697,0.22577150166034698,2.1680078506469727
70.0,2.7891175746917725,0.6644778711963817,113.22828674316406,134.60916752087104,1000.0,70.0,70000,0.738135039806366,520.0240168571472,19.590215981006622,35,0.07971365749835968,48.217283429793,-82.4793571472168,0.7821153998374939,0.2032346972823143,0.029019069447335507,304.84975198162357,0.12916795909404755,304.84975198162357,2.601935625076294,111.55085754394531,-0.32102124736446025,0.2577413022518158,2.1970109939575195
72.0,2.9420459270477295,0.6669566995893235,114.61973571777344,134.6710780133973,1000.0,72.0,72000,0.7490683197975159,534.6359519958496,15.400766842365265,36,0.17040999233722687,50.224271310561285,-84.13765808105468,0.7452365756034851,0.201125365793705,0.027337276104373337,321.9957674510364,0.13006897270679474,321.9957674510364,2.8339200019836426,113.2154541015625,-0.3062796056976901,0.1001281812787056,2.213474988937378
74.0,1.9570096731185913,0.6741282902634811,115.95645904541016,134.4714350384252,1000.0,74.0,74000,0.7911259531974792,550.302746295929,7.01375004529953,37,0.06861364096403122,52.22322490513652,-89.92960418701172,0.745045006275177,0.20352477580308914,0.027337276104373337,345.99641784676544,0.13111937046051025,345.99641784676544,1.9813838005065918,114.6199722290039,-0.2842962438865721,0.006776647176593542,2.219571352005005
76.0,1.6132699251174927,0.6755166976637095,118.4813232421875,134.4177254453356,1000.0,76.0,76000,0.7936567664146423,565.4016220569611,2.2267211842536927,38,0.13840614259243011,54.15186810911961,-91.9733039855957,0.780757486820221,0.20318431228399278,0.026798623766663403,373.5511535934558,0.1319192498922348,373.5511535934558,1.5393030643463135,117.09544372558594,-0.2689194701274462,0.13962678611278534,2.2262678146362305
78.0,2.6768176555633545,0.6743904596468421,119.14358520507812,134.382841592505,1000.0,78.0,78000,0.7534034252166748,580.4312446117401,17.176871359348297,39,0.09485363960266113,56.008966004365575,-93.48147216796875,0.7419810891151428,0.20254302501678467,0.026270585008002553,395.5635047703347,0.13292576372623444,395.5635047703347,1.8806464672088623,117.47988891601562,-0.26171969051215993,0.09667549282312393,2.229039192199707
80.0,2.251897096633911,0.6722201632392372,121.91230773925781,134.45589580564703,1000.0,80.0,80000,0.7410508394241333,594.9906437397003,2.5361682653427122,40,0.0827517881989479,57.85892947070007,-95.58873260498046,0.7485650777816772,0.19948577880859375,0.026798623766663403,419.01046406838196,0.1338929831981659,419.01046406838196,2.2630257606506348,120.41351318359375,-0.2562654777415192,0.02629815973341465,2.2347562313079834
82.0,2.105438470840454,0.6699375868018939,123.69424438476562,134.15982634666557,1000.0,82.0,82000,0.7722217440605164,611.2112860679626,18.42189582824707,41,0.13894791901111603,59.67798597621341,-99.17818176269532,0.7646625638008118,0.20271918088197707,0.0252455158307554,443.248933458465,0.13483206927776337,443.248933458465,2.1124494075775146,122.06267547607422,-0.25119610573415635,0.1583101749420166,2.241795301437378
84.0,1.456908106803894,0.6663619588497451,126.63920593261719,134.06615663377147,1000.0,84.0,84000,0.7423326969146729,626.5563368797302,16.814743337631224,42,0.02477366290986538,61.39097008638727,-100.80197036743164,0.7543008327484131,0.20644002467393874,0.026798623766663403,457.34674625915363,0.13498741388320923,457.34674625915363,1.716657280921936,124.96435546875,-0.24807391423028743,0.019381122663617134,2.247645139694214
86.0,1.793626308441162,0.6644973219347177,127.91739654541016,134.04716085606725,1000.0,86.0,86000,0.7552790641784668,641.5652480125427,17.734715595245362,43,0.08627426624298096,63.17561115954093,-102.33842193603516,0.7569901347160339,0.19616306334733963,0.026270585008002553,477.07065634000656,0.135966494679451,477.07065634000656,1.888361930847168,126.40377807617188,-0.23805852709353476,0.19562090933322906,2.2434589862823486
88.0,1.7092626094818115,0.6654307416471121,129.56649780273438,133.76871443644455,1000.0,88.0,88000,0.7991814017295837,657.8518779277802,42.331896145343784,44,0.1439228653907776,64.89443270593885,-106.34264877319336,0.7757401466369629,0.20013997942209244,0.0252455158307554,490.5962969727257,0.13651242852210999,490.5962969727257,1.6004208326339722,127.7708511352539,-0.22453415653179185,0.08096016198396683,2.2400522232055664
90.0,1.5923864841461182,0.6627958706350852,131.0207061767578,133.8368282915095,1000.0,90.0,90000,0.7366524934768677,672.4606459140778,20.505114483833314,45,0.11535662412643433,66.55298352743259,-107.52360229492187,0.7364571690559387,0.20806527614593506,0.025752950698953586,500.85793434116067,0.1366378664970398,500.85793434116067,1.7675238847732544,129.45285034179688,-0.22143890733949212,0.1833687573671341,2.2410309314727783
92.0,2.2976253032684326,0.6675538178512845,133.13250732421875,133.8232388758898,1000.0,92.0,92000,0.720243513584137,687.4740200042725,14.121980104446411,46,0.08057393878698349,68.17970459587164,-110.13080886840821,0.7229259610176086,0.19905463337898255,0.025752950698953586,509.99702583794385,0.13739892840385437,509.99702583794385,2.4098260402679443,131.50827026367188,-0.20454456286519385,0.08763652294874191,2.2416040897369385
94.0,2.1795637607574463,0.6687704764875506,135.79351806640625,133.71912396025846,1000.0,94.0,94000,0.7945466637611389,702.9660172462463,9.621179089546203,47,0.047924429178237915,69.8775378503749,-110.44514251708985,0.7917304635047913,0.20027098655700684,0.026270585008002553,533.8685492506715,0.13895581662654877,533.8685492506715,2.1374285221099854,133.5015869140625,-0.19252830940242233,-0.04014069214463234,2.2459514141082764
96.0,1.9003305435180664,0.6659615417082432,138.9783172607422,133.74680265458807,1000.0,96.0,96000,0.7492621541023254,717.7741680145264,9.434679617881775,48,0.023123091086745262,71.35585033946737,-115.60712799072266,0.7588565349578857,0.20462920248508454,0.026270585008002553,538.0122354394887,0.13875268399715424,538.0122354394887,1.835309624671936,137.16505432128906,-0.1972413111451627,0.08812130242586136,2.252455234527588
98.0,2.2648801803588867,0.6637902177578319,139.30648803710938,133.65776954914338,1000.0,98.0,98000,0.7257845401763916,733.215886592865,14.141761240959168,49,-0.08627486974000931,72.95411347343975,-118.50171661376953,0.7059792280197144,0.20254651546478272,0.025752950698953586,550.9916898239271,0.13913294672966003,550.9916898239271,2.2938060760498047,137.66189575195312,-0.19285637369496633,0.02799186110496521,2.256042242050171
100.0,2.13352108001709,0.6644591479007149,141.4656219482422,133.56895898949955,1000.0,100.0,100000,0.8187547326087952,748.6769437789917,16.765049746036528,50,0.08073335886001587,74.54194422429565,-117.03262252807617,0.814014732837677,0.2038176104426384,0.026798623766663403,568.6273784443484,0.14020654559135437,568.6273784443484,2.233865976333618,139.48057556152344,-0.18601106946144458,0.08648370951414108,2.262794017791748
102.0,2.029594898223877,0.6667090995402037,143.70529174804688,133.1546879352784,1000.0,102.0,102000,0.759204626083374,766.0263531208038,16.412745697498323,51,0.09885164350271225,75.34463844494145,-121.81545059204102,0.7710531949996948,0.2069231829047203,0.02788675535407124,578.5358912187601,0.14123448729515076,594.7706201181159,2.2134664058685303,141.96876525878906,-0.18161238244999178,0.11467064172029495,2.265285015106201
104.0,1.9460210800170898,0.6683394334003381,145.0484161376953,133.2639238990812,1000.0,104.0,104000,0.7982373833656311,780.4062566757202,31.020870530605315,52,0.13485823571681976,76.89024645336205,-121.63770721435547,0.7691894173622131,0.20138103127479554,0.025752950698953586,595.7864860030187,0.1423894464969635,630.5257692180162,2.215275287628174,143.14816284179688,-0.17129241439370826,0.13728822767734528,2.2692267894744873
106.0,2.290292263031006,0.6680900914274698,146.64358520507812,133.4124625393018,1000.0,106.0,106000,0.7697733640670776,794.5284719467163,29.228295071125032,53,0.17348700761795044,78.4318695590935,-123.8526596069336,0.7565752267837524,0.20353966891765596,0.025752950698953586,618.6569339422986,0.14364778995513916,671.8217133990528,2.2854316234588623,144.84762573242188,-0.16261813722070248,0.1356624811887741,2.2745792865753174
108.0,2.198974847793579,0.6661137930873149,147.83737182617188,133.2687290017753,1000.0,108.0,108000,0.7394677996635437,810.3926615715027,12.496558945178986,54,0.0797201469540596,79.92519518647705,-125.30499084472656,0.7767754197120667,0.20171223163604737,0.026798623766663403,637.8770330606088,0.1449861228466034,707.5512570192483,2.4082772731781006,145.9598388671875,-0.15850536942614446,0.024785181507468224,2.2755231857299805
110.0,2.797544479370117,0.6659262592036232,150.67874145507812,133.37435244155253,1000.0,110.0,110000,0.8007772564888,824.7462723255157,4.529928452968598,55,0.06423601508140564,80.91294637186205,-127.74512268066407,0.8035640716552734,0.20458427906036378,0.02788675535407124,650.1350707871584,0.14572454988956451,726.3054719914911,2.7693920135498047,148.53663635253906,-0.15577310719684428,0.16281560063362122,2.277047872543335
112.0,2.280221462249756,0.6687015987738926,151.8727264404297,133.4005586751625,1000.0,112.0,112000,0.758160412311554,839.5766937732697,10.928339128494263,56,0.04688960686326027,82.36866058756947,-129.5206883239746,0.7740750908851624,0.2056507357954979,0.02788675535407124,666.9435949537884,0.14712883532047272,760.4898914029073,2.4636807441711426,149.89561462402344,-0.1442927570802861,0.04613375663757324,2.287466526031494
114.0,2.7588045597076416,0.6679722411743524,153.53018188476562,133.3970113222753,1000.0,114.0,114000,0.7514173984527588,854.5918598175049,12.917636439800262,57,0.043208684772253036,83.80383510267006,-130.70305908203125,0.7651886343955994,0.20377938240766524,0.026270585008002553,679.2880186028415,0.14767654240131378,796.382981398111,2.903169631958008,151.62107849121094,-0.1382442813547499,0.07882203906774521,2.2903175354003906
116.0,2.3659582138061523,0.6688833905598284,155.76756286621094,133.2680320631855,1000.0,116.0,116000,0.7691969275474548,870.426299571991,24.010634961128236,58,0.04276496171951294,85.27356680993688,-131.52732681274415,0.7557194232940674,0.20125851094722746,0.026270585008002553,699.3477134079667,0.14903417229652405,842.3365021987363,2.5421853065490723,153.82882690429688,-0.12825041664088538,0.01921059750020504,2.2945568561553955
118.0,2.736030340194702,0.6693566604849353,157.49911499023438,133.2836445202849,1000.0,118.0,118000,0.7750855684280396,885.3299324512482,35.86492113590241,59,-0.00917423889040947,86.69935426419775,-134.6425424194336,0.7842888832092285,0.20436986297369003,0.026270585008002553,714.681887291109,0.14998558163642883,876.2942460592218,2.328117847442627,154.89715576171875,-0.11931851084528444,0.01018128264695406,2.2967302799224854
120.0,2.285940647125244,0.6694214787700875,159.6847381591797,133.21012952862964,1000.0,120.0,120000,0.7890300750732422,900.8323948383331,13.51980989933014,60,0.011254857294261456,88.1309928844323,-137.0051240539551,0.8075549602508545,0.1999489411711693,0.025752950698953586,734.2372681800349,0.15132056176662445,914.3363409148212,2.3104960918426514,157.48980712890625,-0.11077905156015988,-0.032627686858177185,2.3003454208374023
122.0,2.004423141479492,0.671234052157378,160.64439392089844,133.08438334623668,1000.0,122.0,122000,0.7836997509002686,916.7116150856018,28.22541491985321,61,0.0943801999092102,89.5014839648761,-135.6530909729004,0.8004735112190247,0.20134837359189986,0.026270585008002553,748.6479223925495,0.15233761072158813,938.3604361506066,1.908302664756775,158.75653076171875,-0.09949620018875413,0.1333475410938263,2.30007266998291
124.0,2.0884909629821777,0.6715260845132898,161.55186462402344,132.98266622704347,1000.0,124.0,124000,0.7859089374542236,932.4523527622223,37.17970335483551,62,0.17400376498699188,90.86747528690199,-139.64925506591797,0.7868395447731018,0.20550514340400697,0.027337276104373337,764.5230284435027,0.15310215950012207,979.4927500383975,2.050130844116211,159.84762573242188,-0.09061231552559984,0.08761178702116013,2.3023931980133057
126.0,2.263512134552002,0.6732384954353303,163.1287841796875,132.9290484120418,1000.0,126.0,126000,0.8090223670005798,947.8740839958191,6.260977892875672,63,0.01564689911901951,89.0250292231384,-138.0698600769043,0.805787205696106,0.19802872627973556,0.026270585008002553,746.1671662150521,0.15356533229351044,981.9023525322468,2.1355862617492676,161.4588165283203,-0.0879442764020452,0.01272420585155487,2.290914297103882
128.0,2.8569602966308594,0.6767346192775825,164.28097534179688,132.93877917514925,1000.0,128.0,128000,0.7751052379608154,962.8492212295532,31.922560665607453,64,-0.08046174049377441,88.75453182039786,-140.15480926513672,0.8006303310394287,0.2043558230996132,0.028447279136688073,741.8850146466852,0.15406958758831024,992.2479030164307,2.856566905975342,162.10305786132812,-0.07697247844410983,0.048900336027145386,2.2890896797180176
130.0,2.6066136360168457,0.6772490501874028,166.0178680419922,132.8669109494449,1000.0,130.0,130000,0.7604520320892334,978.4226868152618,28.556867280006408,65,0.05896677076816559,90.12312504986619,-143.10048538208008,0.7718487977981567,0.19861707597970962,0.029019069447335507,754.0208701045459,0.1547129601240158,1022.9088772754071,2.688394784927368,164.12489318847656,-0.06902355690403696,0.19354553520679474,2.2950711250305176
132.0,2.3406665325164795,0.6775632137037327,167.7662811279297,132.7343846649461,1000.0,132.0,132000,0.8069273829460144,994.4672613143921,34.55885488986969,66,0.0298000555485487,91.50544867658256,-144.16088684082033,0.7896535396575928,0.20567354440689087,0.0252455158307554,767.3747005211291,0.155751034617424,1047.5612615254568,2.4442296028137207,165.46542358398438,-0.061839017384528384,0.05325235053896904,2.302647113800049
134.0,2.489703416824341,0.6776325999831321,169.65573120117188,132.81697723063135,1000.0,134.0,134000,0.7456719875335693,1008.9071652889252,34.86993886947632,67,0.11006716638803482,92.82648404834167,-146.8149740600586,0.7534341216087341,0.20210105836391448,0.026270585008002553,776.9925298506276,0.15639953315258026,1061.5815649167762,2.452019214630127,167.56134033203125,-0.054825079987749756,0.14672669768333435,2.308469295501709
136.0,1.7807233333587646,0.6779398026026057,171.06988525390625,132.9221356002704,1000.0,136.0,136000,0.7653385996818542,1023.1553938388824,14.544742817878722,68,0.15068471431732178,94.05679348164098,-147.3502345275879,0.7517328858375549,0.2054145574569702,0.026270585008002553,783.0518938415535,0.15666618943214417,1077.5628835450943,1.6569223403930664,169.09295654296875,-0.047879229375465446,0.17943452298641205,2.3149807453155518
138.0,2.117891311645508,0.677488222375407,171.05934143066406,132.8565915021342,1000.0,138.0,138000,0.7460124492645264,1038.7139880657196,4.466098599433899,69,0.0984349176287651,95.30814017097849,-146.26660339355467,0.741614818572998,0.20189860582351685,0.028447279136688073,791.8244656305037,0.1572645604610443,1094.857516863004,2.417907953262329,169.1849365234375,-0.041420348057615464,0.08095239847898483,2.320876359939575
140.0,2.7553231716156006,0.6769059300668415,172.05203247070312,132.933068989381,1000.0,140.0,140000,0.7526712417602539,1053.1615726947784,15.935362133979798,70,0.0877387523651123,96.57505018635821,-147.54674118041993,0.7379661202430725,0.1976515406370163,0.027337276104373337,801.2277467467326,0.15766355395317078,1107.1840933175342,2.6414811611175537,169.77688598632812,-0.037128317182710806,0.04545946791768074,2.3313159942626953
142.0,2.0644123554229736,0.6758423261693984,174.54061889648438,132.8419867483737,1000.0,142.0,142000,0.7101371884346008,1068.9391469955444,3.560568747520447,71,0.056463856250047684,97.80318944225516,-151.69121047973633,0.7362509965896606,0.20076306611299516,0.025752950698953586,810.4397044670823,0.1579892337322235,1122.998809162699,2.002528429031372,172.22787475585938,-0.03298647018093935,0.07674789428710938,2.3382132053375244
144.0,2.2278854846954346,0.6751143472122836,175.15179443359375,132.8514323820721,1000.0,144.0,144000,0.7423434257507324,1083.9175567626953,24.750465908050536,72,0.04530872404575348,99.00218419550197,-150.64317016601564,0.7262933850288391,0.20216727256774902,0.025752950698953586,822.5514159467074,0.15879444777965546,1139.765531553533,1.8729829788208008,173.00128173828125,-0.028196973178691364,0.14318640530109406,2.3517634868621826
146.0,1.7179254293441772,0.6764968163590713,176.76988220214844,132.71156045955445,1000.0,146.0,146000,0.7394031882286072,1100.1302335262299,46.360558099746704,73,0.0356677882373333,98.63180486963141,-152.0518292236328,0.7222592830657959,0.20300358682870864,0.027337276104373337,813.9107589611465,0.15925346314907074,1130.7391256306835,1.652372121810913,174.43617248535156,-0.033041826424305365,0.06641507893800735,2.3495614528656006
148.0,1.6388435363769531,0.6750128762315566,176.1220245361328,132.7437556591359,1000.0,148.0,148000,0.7103589177131653,1114.9300339221954,24.741475644111635,74,0.17979441583156586,99.84759016415157,-150.03932434082031,0.7307988405227661,0.19589196860790253,0.025752950698953586,826.8855004095395,0.1603461503982544,1161.1083065572457,1.76740562915802,174.03623962402344,-0.032431927347541835,0.15399859845638275,2.3575925827026367
150.0,1.8532589673995972,0.6776977597315694,175.81915283203125,132.79618844483738,1000.0,150.0,150000,0.7109791040420532,1129.5504920482635,65.03231007575988,75,0.04261619225144386,99.55304542775077,-150.5416876220703,0.7329739332199097,0.2029374435544014,0.026798623766663403,824.3898306620708,0.16233253479003906,1171.3712668925427,2.056954860687256,173.76205444335938,-0.022922831845217793,0.029767418280243874,2.3545806407928467
152.0,1.9543544054031372,0.6777685935756583,175.53244018554688,132.7210004746048,1000.0,152.0,152000,0.7023342847824097,1145.2596006393433,15.130164332389832,76,0.0421677827835083,100.72178071854854,-152.17988189697266,0.70213383436203,0.2051775100827217,0.026270585008002553,835.5142738751503,0.16314400732517242,1203.4384519834357,1.950394868850708,173.51492309570312,-0.016449396997139022,0.12788425385951996,2.3599188327789307
154.0,2.3621647357940674,0.6771958194907719,175.46261596679688,132.52195968310278,1000.0,154.0,154000,0.7555252313613892,1162.0715568065643,34.02470200061798,77,-0.0010897045722231269,101.86750387989007,-151.63734680175781,0.7438952922821045,0.202071590423584,0.0252455158307554,845.4392315062436,0.16358530521392822,1229.71370906617,2.155571222305298,173.2735137939453,-0.01757044252211121,-0.023062149062752724,2.3710808753967285
156.0,1.9206335544586182,0.6763246650292991,176.75534057617188,132.42613712694248,1000.0,156.0,156000,0.7235733270645142,1178.0151817798615,14.968600306510925,78,0.043010443449020386,103.0014131778777,-152.81298461914062,0.7351306676864624,0.20631620287895203,0.025752950698953586,857.4423564239158,0.16460050642490387,1256.290006396034,1.917930006980896,174.68751525878906,-0.016768201586573293,0.09953552484512329,2.3780386447906494
158.0,2.204904079437256,0.6781040746822609,175.77919006347656,132.2303954084405,1000.0,158.0,158000,0.7489861845970154,1194.8841226100922,52.497486243247984,79,-0.04508936032652855,102.68955520763505,-150.66780639648437,0.7631205916404724,0.2016220608353615,0.026798623766663403,853.8900816847947,0.16549468040466309,1259.4026640087695,2.199963092803955,173.76438903808594,-0.020464284005994194,0.09214144945144653,2.375704050064087
160.0,3.3761093616485596,0.679842754530713,175.90060424804688,132.24463972099204,1000.0,160.0,160000,0.7772087454795837,1209.8789057731628,47.707455315589904,80,0.060614872723817825,102.40119340799305,-153.09203430175782,0.8030853271484375,0.19989438027143477,0.0247480794341294,851.9009904121424,0.16632749140262604,1253.247115488555,2.8349311351776123,173.46238708496094,-0.025929736991083405,0.032793957740068436,2.374586343765259
162.0,3.686997413635254,0.6790963810578705,177.56068420410156,132.32884888987996,1000.0,162.0,162000,0.7730890512466431,1224.222846031189,18.74447726726532,81,0.02312127687036991,103.43009651817954,-154.03084686279297,0.7663703560829163,0.20610801696777345,0.02285443614607805,858.5148101081726,0.1662909835577011,1261.366895916747,3.6427600383758545,175.28842163085938,-0.025273291141737642,0.0913158729672432,2.385425567626953
164.0,2.8669750690460205,0.6785157759899384,178.67434692382812,132.4295135701707,1000.0,164.0,164000,0.7349700331687927,1238.3946416378021,49.33009223461151,82,0.03381553664803505,104.51864494084587,-154.19272857666016,0.7610030174255371,0.19676220417022705,0.024260444499685715,869.6054604545775,0.16694341599941254,1271.9349908435488,2.785093069076538,176.49728393554688,-0.020487907145597624,0.09379351884126663,2.3912007808685303
166.0,2.754260778427124,0.67787760679635,179.30862426757812,132.42764648517823,1000.0,166.0,166000,0.8065910339355469,1253.5146882534027,14.948344011306762,83,0.11315669864416122,105.60443189517994,-155.95179321289064,0.8088245987892151,0.19703276216983795,0.0252455158307554,883.5886124403979,0.1675672084093094,1289.8363835496305,2.828218460083008,177.19244384765625,-0.01826154517977721,0.0602729432284832,2.400111436843872
168.0,2.7816884517669678,0.6775336136772397,180.21832275390625,132.49004745952223,1000.0,168.0,168000,0.7902190685272217,1268.019773721695,5.731767249107361,84,0.13616882264614105,106.61230720886023,-155.58200317382813,0.791137158870697,0.20135707050561905,0.02285443614607805,890.7923791273154,0.1679929494857788,1298.1615150830212,2.748034715652466,177.76634216308594,-0.016698452635456242,0.043935880064964294,2.4095208644866943
170.0,2.201619863510132,0.6773440118803399,180.6623077392578,132.56000402854448,1000.0,170.0,170000,0.7780773639678955,1282.4381022453308,38.45765933990479,85,0.17629610002040863,107.66021315552629,-161.28719543457032,0.7889297008514404,0.1981394848227501,0.0252455158307554,902.8889319071915,0.16906481981277466,1321.516357855089,2.12186598777771,178.21566772460938,-0.011587783284119723,0.12198079377412796,2.4108736515045166
172.0,2.392728805541992,0.6780185758486355,180.75030517578125,132.41715560939699,1000.0,172.0,172000,0.8253365755081177,1298.925348520279,55.51749486923218,86,0.054445136338472366,107.43682339112982,-159.56554412841797,0.8094366192817688,0.20318301081657408,0.02285443614607805,902.8566727569777,0.16975320875644684,1321.0765245772554,2.381063938140869,178.7749786376953,-0.00925585223665382,0.05455322191119194,2.417278289794922
174.0,2.522584915161133,0.6792124669077164,181.5511474609375,132.33927272323228,1000.0,174.0,174000,0.7889341115951538,1314.8024499416351,28.297225303649903,87,0.09523621946573257,108.43827790016144,-157.42015075683594,0.8000059723854065,0.2069370573759079,0.02378241789989777,911.379236240425,0.16997376084327698,1329.762521851733,2.5079758167266846,179.3958740234375,-0.012142239336837708,0.08157017827033997,2.4289286136627197
176.0,2.6157596111297607,0.6787762035656885,181.52064514160156,132.32346474496634,1000.0,176.0,176000,0.8019168376922607,1330.0739996433258,48.87047707080841,88,0.09838790446519852,109.41135369430079,-161.19769409179688,0.8202579021453857,0.20212692469358445,0.021962663920618613,919.7715425911124,0.170400008559227,1334.8990382293314,2.8999266624450684,179.41867065429688,-0.009999668053531401,0.10831891745328903,2.4370076656341553
178.0,2.7867369651794434,0.6787292657228414,181.34536743164062,132.2703310227274,1000.0,178.0,178000,0.8269176483154297,1345.7288465499878,22.99835723400116,89,0.059902895241975784,110.37777154703089,-158.8895248413086,0.8128342032432556,0.20254921168088913,0.023313810312614223,928.0976948099145,0.1709144562482834,1343.4743630407868,3.1376230716705322,179.06195068359375,-0.009789408078555977,-0.030017724260687828,2.4445903301239014
180.0,4.120970249176025,0.6784679032345688,180.7045440673828,132.20476038552866,1000.0,180.0,180000,0.7829240560531616,1361.5243465900421,24.169618587493897,90,0.09336017817258835,111.33099699740147,-157.86397979736327,0.7862659692764282,0.20797200500965118,0.021962663920618613,939.8169216101229,0.1714901179075241,1356.4620876435158,3.9300684928894043,178.48513793945312,-0.008271547325097082,0.11112632602453232,2.4563381671905518
182.0,2.6168127059936523,0.6781674983816166,181.8773956298828,132.26639896722182,1000.0,182.0,182000,0.8112195730209351,1376.0108494758606,29.199400539398194,91,0.11594369262456894,112.25878141331151,-157.36283111572266,0.821118175983429,0.20981790840625764,0.022404113465423047,949.6286584407761,0.17198432981967926,1364.860032926271,2.434587001800537,179.505859375,-0.0041382170095311975,-0.0058794221840798855,2.464437484741211
184.0,2.383998394012451,0.6791652418309148,182.18014526367188,132.36307907229198,1000.0,184.0,184000,0.747477650642395,1390.1157429218292,41.704698915481565,92,0.07519683241844177,111.84477365453348,-159.8967071533203,0.7882269620895386,0.199815074801445,0.02285443614607805,941.1276493503001,0.17204387485980988,1347.503607946863,2.3533852100372314,180.00396728515625,-0.004344306710324358,0.04808247089385986,2.4795517921447754
186.0,3.203956127166748,0.6796142399079388,180.51858520507812,132.44464027478304,1000.0,186.0,186000,0.7590687870979309,1404.360339641571,62.34237513065338,93,0.12536050379276276,112.7540642351643,-162.12867919921874,0.783531129360199,0.20616142809391022,0.023313810312614223,950.0547610630015,0.17250162363052368,1356.8210911247768,3.473132848739624,178.142333984375,0.0003278920709173142,0.20737886428833008,2.4846954345703125
188.0,3.104189395904541,0.6792771551063672,182.37783813476562,132.4601874988544,1000.0,188.0,188000,0.8108229041099548,1419.2943823337555,36.76550021648407,94,0.06536794453859329,113.6498556239453,-159.10457916259764,0.7610756158828735,0.19577485114336013,0.02285443614607805,961.2846977464214,0.1726994514465332,1375.4904904272737,3.0026450157165527,180.06472778320312,0.0031266606900798386,0.06029057502746582,2.495493173599243
190.0,2.273160219192505,0.6807246799185689,182.47789001464844,132.46206950643872,1000.0,190.0,190000,0.785385012626648,1434.3728790283203,37.18007069587708,95,0.06523624807596207,113.331207292969,-158.4958462524414,0.7695817351341248,0.1954140391945839,0.0247480794341294,961.2816928620164,0.17363882064819336,1375.6630755307865,2.317641258239746,180.45140075683594,0.004745456720807583,0.06378494948148727,2.499216079711914
192.0,2.3024468421936035,0.6801533798911295,181.79425048828125,132.41684842259122,1000.0,192.0,192000,0.7658530473709106,1449.9665434360504,31.18531241416931,96,0.10992499440908432,114.1787257188863,-160.28912536621092,0.7731526494026184,0.20181996494531632,0.024260444499685715,970.0234729641861,0.17391608655452728,1393.247804320329,2.3998279571533203,179.6661376953125,0.005194313506357957,0.1841498762369156,2.51059627532959
194.0,2.3393125534057617,0.6801343919597566,183.03758239746094,132.3668044693753,1000.0,194.0,194000,0.7915917634963989,1465.6242611408234,39.874401273727415,97,0.014968710951507092,115.01165916591393,-160.5158657836914,0.7919430136680603,0.20248254299163818,0.02285443614607805,977.6041077170212,0.17423216998577118,1394.7155326753898,2.274155378341675,180.08877563476562,0.00610489646566071,0.013568676076829433,2.5208892822265625
196.0,1.8218367099761963,0.6802688941554561,181.46246337890625,132.43315469968195,1000.0,196.0,196000,0.7545669674873352,1479.9919283390045,38.901629376411435,98,0.17962808907032013,115.85240493827999,-156.73513671875,0.7716758251190186,0.20176216572523117,0.024260444499685715,987.3859090312455,0.17476867139339447,1418.784635679332,2.035829782485962,179.2982940673828,0.009555338242731819,0.27908679842948914,2.5299222469329834
198.0,2.9411280155181885,0.6802793676194446,181.6393280029297,132.46311612611566,1000.0,198.0,198000,0.7514774799346924,1494.755716085434,49.86342923164368,99,0.24455596506595612,116.6834764521345,-160.81435852050782,0.7574406266212463,0.19929136902093889,0.0252455158307554,998.3056772645072,0.17528961598873138,1436.6733849562754,3.0969088077545166,179.64993286132812,0.00978712195111467,0.18733660876750946,2.5387203693389893
200.0,2.867783546447754,0.6803580437175913,182.60079956054688,132.53065979688097,1000.0,200.0,200000,0.7753260731697083,1509.0847680568695,7.513648772239685,100,0.14324145019054413,117.46693536444725,-161.84344146728515,0.775830864906311,0.20577550619840623,0.02285443614607805,1004.2751216395733,0.17562253773212433,1439.922864834798,2.7493348121643066,180.027587890625,0.010572356653564775,0.11542489379644394,2.54901385307312
202.0,2.587183952331543,0.6802940123740067,183.39312744140625,132.58373206063587,1000.0,202.0,202000,0.7941766381263733,1523.5654997825623,26.339736518859862,101,0.04346346855163574,118.27931459550635,-161.92486083984375,0.7850413918495178,0.19955960810184478,0.02378241789989777,1012.66804913189,0.1758565753698349,1455.4828502032824,2.384622573852539,180.84356689453125,0.010792613685877967,0.01007814984768629,2.5583600997924805
204.0,3.1052632331848145,0.681952345990721,183.59225463867188,132.61654913233744,1000.0,204.0,204000,0.7902153730392456,1538.2695548534393,51.58562791824341,102,0.043054621666669846,118.01304393709468,-164.78307525634764,0.7883155345916748,0.20529860705137254,0.024260444499685715,1007.2542456135079,0.176138773560524,1435.1807156084167,3.120918035507202,181.07199096679688,0.0060608727715021436,0.01924438588321209,2.5615718364715576
206.0,2.3180174827575684,0.6812478677418563,185.71176147460938,132.67808639043366,1000.0,206.0,206000,0.7904555797576904,1552.6301712989807,39.6870121383667,103,0.13143129646778107,118.81150241349104,-165.5182391357422,0.7967021465301514,0.1956324803829193,0.0252455158307554,1016.0168962777175,0.17639581859111786,1437.2184563532614,2.49497652053833,183.5145263671875,0.007887461716750824,0.17136740684509277,2.571059226989746
208.0,2.501796245574951,0.6810361519271153,186.25894165039062,132.6991631393839,1000.0,208.0,208000,0.7561894655227661,1567.4552505016327,16.57994807243347,104,0.08890249580144882,119.6080471818728,-166.1573110961914,0.766395628452301,0.20984503239393235,0.024260444499685715,1024.1247141582937,0.17672087252140045,1441.2722097437934,2.284334897994995,183.90135192871094,0.01246092793850297,0.068562351167202,2.575425148010254
210.0,1.8943567276000977,0.6810412571177908,187.61239624023438,132.75915532343015,1000.0,210.0,210000,0.777386486530304,1581.8118116855621,78.08469583034515,105,-0.03812919184565544,120.35136907927254,-166.040576171875,0.7960544228553772,0.20268295496702193,0.02378241789989777,1028.240783415645,0.17692729830741882,1444.15706730698,1.9356731176376343,185.08404541015625,0.012732042960399113,-0.07461933046579361,2.583900213241577
212.0,2.0510809421539307,0.6817987288515157,187.369384765625,132.73381018349681,1000.0,212.0,212000,0.7713291645050049,1597.1816051006317,42.85546776771545,106,0.01800180971622467,120.40733442708458,-162.6260971069336,0.767758309841156,0.204697325527668,0.0247480794341294,1028.719459264353,0.1771867871284485,1433.908427292185,2.105886936187744,184.9560546875,0.011148787962869727,0.07368425279855728,2.5871422290802
214.0,1.983058214187622,0.681929421161347,187.54937744140625,132.66773515144592,1000.0,214.0,214000,0.713483989238739,1613.0523352622986,15.46994324207306,107,0.16456525027751923,121.14658128384342,-167.64131500244142,0.7492111921310425,0.19735099762678146,0.0247480794341294,1033.8478785409736,0.17738357186317444,1438.0461188704442,2.206085205078125,185.36175537109375,0.01111814498383869,0.20886927843093872,2.5935914516448975
216.0,1.6772412061691284,0.6833944724353631,186.98550415039062,132.7065345787504,1000.0,216.0,216000,0.7749722003936768,1627.6515748500824,26.35370316505432,108,0.012329429388046265,121.00644022681428,-167.12098419189454,0.7781398296356201,0.2071256211400032,0.023313810312614223,1031.5588898788899,0.17761486768722534,1416.9238545851604,1.6082607507705688,184.65853881835938,0.00771110690414853,0.0521065779030323,2.5972142219543457
218.0,1.5461477041244507,0.6847515486811409,186.24041748046875,132.64377492235354,1000.0,218.0,218000,0.7183653712272644,1643.4996676445007,16.787861800193788,109,-0.029663681983947754,120.73393201357511,-164.4070849609375,0.7546243667602539,0.20636216461658477,0.02378241789989777,1031.1431126126733,0.17818017303943634,1404.567358492119,1.8766369819641113,184.05963134765625,0.00438511074476003,-0.018334517255425453,2.5995306968688965
220.0,1.8684390783309937,0.6843086483499358,185.6187744140625,132.57884550874536,1000.0,220.0,220000,0.7616929411888123,1659.3899211883545,26.635787148475647,110,-0.014472827315330505,121.46808142910223,-163.36450317382813,0.7733941674232483,0.20256258249282838,0.024260444499685715,1040.5351627132638,0.1786177009344101,1408.0926361531385,1.884806513786316,183.41368103027344,0.0057783290425239015,-0.04393169283866882,2.6080408096313477
222.0,2.3921689987182617,0.6859198984273942,185.66610717773438,132.49978197032033,1000.0,222.0,222000,0.7905291318893433,1675.4744551181793,15.343073563575745,111,-0.0888659730553627,121.21353314877847,-160.79870025634764,0.7834107279777527,0.19492144912481307,0.0247480794341294,1037.0433881934764,0.17888708412647247,1388.8858564706077,2.755431652069092,183.05038452148438,0.0015899106946096033,-0.14274196326732635,2.6094563007354736
224.0,2.759037733078003,0.6880831030458068,184.48184204101562,132.42174405948833,1000.0,224.0,224000,0.7846532464027405,1691.5650944709778,41.022175698280336,112,0.050018250942230225,120.80745194312293,-162.1826077270508,0.779790997505188,0.20261661142110823,0.021962663920618613,1033.4823849767058,0.1791442185640335,1366.9919870778772,2.804835557937622,182.3420867919922,-0.00199843245017133,0.10807445645332336,2.6105785369873047
226.0,2.3017306327819824,0.6898421164109008,186.02252197265625,132.3401730766487,1000.0,226.0,226000,0.7393982410430908,1707.7202994823456,70.95156903743744,113,-0.00601144740357995,120.47803082980838,-162.77941833496095,0.7752397060394287,0.19970780849456787,0.0247480794341294,1031.6592253557694,0.17967553436756134,1391.3792198730732,2.1868226528167725,183.460205078125,-0.005567166901506208,0.04082213342189789,2.6084084510803223
228.0,2.3262810707092285,0.6901077185028576,187.71011352539062,132.1807299701331,1000.0,228.0,228000,0.7850428819656372,1724.9110369682312,39.44971592903137,114,-0.16540668904781342,121.18392926778188,-163.0070166015625,0.78052818775177,0.19842856138944626,0.024260444499685715,1037.7445324713383,0.17982114851474762,1416.444715286894,2.3982129096984863,185.02976989746094,-0.004420926962284196,-0.09671106189489365,2.6161513328552246
230.0,2.6080636978149414,0.6908473366017676,188.4168701171875,132.07407193199643,1000.0,230.0,230000,0.755059003829956,1741.447027683258,39.80283701896668,115,-0.003816972253844142,121.89327630087709,-165.7534829711914,0.7733498811721802,0.20525234192609787,0.02285443614607805,1045.2099716950465,0.18007707595825195,1423.7558037626973,2.5862202644348145,185.87960815429688,0.0007613974883565512,0.00829206220805645,2.619738817214966
232.0,2.8944451808929443,0.6910465359400001,188.09503173828125,131.94983479093756,1000.0,232.0,232000,0.7553015351295471,1758.2439596652985,28.55418258190155,116,0.021208444610238075,122.56369963468254,-163.54655883789061,0.7238609194755554,0.1996057739853859,0.02378241789989777,1048.8608021733785,0.18018174171447754,1420.4224563543478,2.9359776973724365,185.7548370361328,0.0019008439124294503,0.013992835767567158,2.624532699584961
234.0,2.312014102935791,0.6909031886571861,189.35205078125,131.96809161084357,1000.0,234.0,234000,0.7569140791893005,1773.1558980941772,40.73636137485504,117,-0.01633417047560215,123.29147319500163,-166.2056448364258,0.7305372357368469,0.20294721096754073,0.02378241789989777,1058.096595232341,0.18076084554195404,1434.7760428438373,2.2009475231170654,187.19883728027344,0.003967157149946071,-0.0345771498978138,2.629167318344116
236.0,2.1874516010284424,0.6906956051247072,190.0340576171875,131.8705341794336,1000.0,236.0,236000,0.729643702507019,1789.6340639591217,42.92254077911377,118,0.03868718817830086,124.01079442182538,-168.9581576538086,0.7418127059936523,0.2060760372877121,0.024260444499685715,1066.4584188761721,0.18138833343982697,1451.8912929232536,2.2449564933776855,187.64373779296875,0.00405761057937512,0.023505210876464844,2.6336896419525146
238.0,2.3702704906463623,0.6911738384632798,190.64486694335938,131.83771798412485,1000.0,238.0,238000,0.7181787490844727,1805.2496936321259,15.754159913063049,119,0.004864583257585764,124.72472657634732,-167.9074221801758,0.7044469714164734,0.20967832922935487,0.02378241789989777,1076.413556463667,0.18187764286994934,1469.1465018134322,2.6247503757476807,188.31201171875,0.008236349190813706,0.06717154383659363,2.6370437145233154
240.0,2.6893060207366943,0.6914205034061939,191.33319091796875,131.86746023423672,1000.0,240.0,240000,0.7106015682220459,1820.0092697143555,22.19373957157135,120,0.05779457464814186,125.42841419467828,-170.5445492553711,0.7240802049636841,0.19908900916576386,0.02378241789989777,1084.229217129641,0.18254469335079193,1480.431275665713,2.8661673069000244,188.586181640625,0.012688201336563081,0.026675229892134666,2.6383891105651855
242.0,2.0902204513549805,0.6923006860379193,192.4568634033203,131.9058942958652,1000.0,242.0,242000,0.7451227903366089,1834.64128947258,18.07488257408142,121,-0.014652232639491558,125.36698350041466,-171.27231353759765,0.7386357188224792,0.20321317464113237,0.024260444499685715,1084.5931328720228,0.18322555720806122,1473.891001207038,2.5472095012664795,189.67724609375,0.0166391180370006,0.03543166443705559,2.641087770462036
244.0,2.0292913913726807,0.6935829262689814,195.56842041015625,131.88553179836643,1000.0,244.0,244000,0.7822756171226501,1850.089215040207,5.026292550563812,122,0.09251898527145386,125.07791640025575,-168.9121585083008,0.7580979466438293,0.20026978373527526,0.0247480794341294,1081.5318338196305,0.1836921125650406,1454.4636355566397,1.8025697469711304,192.9014892578125,0.020669179829639502,0.06978113204240799,2.641066789627075
246.0,1.834652304649353,0.6952869190165271,196.77120971679688,131.90897769534442,1000.0,246.0,246000,0.7695719003677368,1864.9223449230194,4.510457248687744,123,0.10684271901845932,124.49253560062397,-171.50305755615236,0.7482265830039978,0.19537375897169112,0.026270585008002553,1073.9497004960247,0.18432193994522095,1453.6065551369468,1.7808786630630493,194.1802978515625,0.026118741934483918,0.12761254608631134,2.6405389308929443
248.0,2.0791258811950684,0.6954071504624643,195.16659545898438,131.92319751140028,1000.0,248.0,248000,0.721504271030426,1879.8816635608673,35.821737689971926,124,-0.058364976197481155,125.20344054832047,-171.07011810302734,0.7395380735397339,0.19594326317310334,0.0252455158307554,1082.2347605752325,0.18462097644805908,1460.1516656204587,2.1580536365509033,192.70709228515625,0.0270560306106213,0.008178561925888062,2.6473801136016846
250.0,2.2233290672302246,0.696733140708119,196.9370880126953,131.87527773564761,1000.0,250.0,250000,0.7366051077842712,1895.73060464859,32.317478284835815,125,0.07012531906366348,124.91887905528881,-172.11120361328125,0.7612835764884949,0.20207406908273698,0.0252455158307554,1080.571210937808,0.18536920845508575,1464.8432813514137,2.2121801376342773,194.12460327148438,0.03236348998273719,0.04627111554145813,2.645598888397217
252.0,2.1976592540740967,0.6969954364945685,196.73858642578125,131.82520126956194,1000.0,252.0,252000,0.750882089138031,1911.6223421096802,21.769243698120118,126,-0.10299656540155411,125.64335522768849,-171.7563040161133,0.7424944043159485,0.20203531324863433,0.0247480794341294,1091.000936593187,0.18579931557178497,1479.3406639246023,2.3236587047576904,194.38055419921875,0.035374141490384266,-0.11710578948259354,2.649529457092285
254.0,2.7701351642608643,0.6970366488435511,195.35226440429688,131.8481713842463,1000.0,254.0,254000,0.7568109035491943,1926.4582688808441,35.8795876789093,127,-0.0097739202901721,126.3195469259939,-171.7752392578125,0.7528082132339478,0.20482659667730332,0.026798623766663403,1096.0724003816863,0.18577681481838226,1482.0474804498685,3.0571868419647217,192.7071533203125,0.035071119085520144,0.009319345466792583,2.655134677886963
256.0,1.9729138612747192,0.6971643010803752,197.90997314453125,131.79310703084093,1000.0,256.0,256000,0.7516842484474182,1942.4384610652924,90.02903957366944,128,0.00336533784866333,126.93719361816953,-173.52219299316405,0.7599031925201416,0.20347701579332353,0.023313810312614223,1097.0992905588869,0.18560588359832764,1470.9641078094414,1.8012361526489258,195.25137329101562,0.034407018594531866,0.09110439568758011,2.663815975189209
258.0,2.0814523696899414,0.6971891572197915,199.8677978515625,131.81704329240782,1000.0,258.0,258000,0.7691171169281006,1957.258284330368,24.35112108707428,129,0.09540891647338867,127.55910707960805,-175.2094338989258,0.7585362195968628,0.20124560296535493,0.023313810312614223,1099.7902927360356,0.1857047826051712,1488.3126261969956,2.2030978202819824,197.71620178222656,0.03540873444545598,0.07726049423217773,2.6682398319244385
260.0,2.147024631500244,0.6987098171190406,201.62001037597656,131.8396800186492,1000.0,260.0,260000,0.7776766419410706,1972.0921649932861,42.37489465713501,130,0.08027965575456619,127.25934657175955,-175.30987579345702,0.7674421072006226,0.20030999243259429,0.024260444499685715,1096.3568633356153,0.18631799519062042,1487.4862600131723,1.6554405689239502,198.70664978027344,0.04180672768524507,0.13174138963222504,2.664872884750366
262.0,1.9110535383224487,0.7007384550575761,200.81285095214844,131.83644037498593,1000.0,262.0,262000,0.7361299991607666,1987.3109381198883,42.97958620071411,131,0.02007226087152958,126.18066101172045,-172.04912506103517,0.7358824014663696,0.20312978059053421,0.02378241789989777,1084.7677827044354,0.187049999833107,1451.2975983103815,1.9292222261428833,198.1747283935547,0.04826713951410185,0.039487261325120926,2.6592798233032227
264.0,1.6897450685501099,0.7009761284781342,203.01004028320312,131.8185325860123,1000.0,264.0,264000,0.7599111199378967,2002.7532913684845,46.913756437301636,132,0.022685149684548378,126.8735034150671,-172.41593383789063,0.7673749327659607,0.202423532307148,0.025752950698953586,1090.9457201752334,0.18743081390857697,1453.9437461171087,1.6914550065994263,200.34266662597656,0.050934352935930925,0.10745372623205185,2.6680736541748047
266.0,1.8532828092575073,0.7007343909239756,201.13717651367188,131.82332789361487,1000.0,266.0,266000,0.7460665702819824,2017.8522591590881,34.226069502830505,133,0.016833534464240074,127.56711217790169,-175.1825744628906,0.7660900354385376,0.2043882840871811,0.02378241789989777,1097.9243117128003,0.18760764598846436,1453.7215725049887,1.8158619403839111,198.84518432617188,0.052937601679305966,0.039855051785707474,2.6760478019714355
268.0,2.505068063735962,0.7008093958806184,201.39266967773438,131.90072533619045,1000.0,268.0,268000,0.7747809290885925,2031.8311314582825,94.8795476436615,134,0.09291868656873703,128.28264349551966,-175.92876831054687,0.7817968130111694,0.20581385850906372,0.023313810312614223,1107.0090353063197,0.18790479004383087,1470.2530176870464,2.6131837368011475,198.8387451171875,0.056445612684585665,0.04298846796154976,2.6810359954833984
270.0,2.4628398418426514,0.7011110959348802,202.8563232421875,131.832445033959,1000.0,270.0,270000,0.7937632203102112,2048.0542550086975,21.34278486251831,135,0.1304294466972351,128.98170826171858,-179.10575469970703,0.7781092524528503,0.20717783778905868,0.024260444499685715,1114.826995636662,0.18815454840660095,1475.121703976762,2.344547986984253,200.10714721679688,0.0597115349881818,0.14500832557678223,2.6865122318267822
272.0,2.7942800521850586,0.7012651672400735,204.57489013671875,131.7266511883336,1000.0,272.0,272000,0.752724826335907,2064.882068634033,22.41024684906006,136,0.12958526611328125,129.65237765457613,-178.0412811279297,0.775787889957428,0.2054317109286785,0.023313810312614223,1121.2918858346284,0.18843425810337067,1497.0004523281875,2.7704408168792725,201.66824340820312,0.06165568117424431,0.10097381472587585,2.6916966438293457
274.0,2.4180195331573486,0.7019630652455832,205.71144104003906,131.59987873781267,1000.0,274.0,274000,0.7582288980484009,2082.0687878131866,52.41532629489899,137,0.1520625650882721,129.68249588194556,-178.57312927246093,0.7636702060699463,0.20615142196416855,0.023313810312614223,1118.4186520637525,0.18854275345802307,1478.6672355963426,2.5212223529815674,203.36085510253906,0.06410403021984071,0.13702581822872162,2.6966428756713867
276.0,3.360280990600586,0.7019346949272885,204.65237426757812,131.67571253783802,1000.0,276.0,276000,0.7425233721733093,2096.0585265159607,87.31485812664032,138,0.08312950283288956,130.35268383090565,-179.78290588378906,0.7501969933509827,0.20565791487693785,0.02285443614607805,1125.4166659613516,0.1888418197631836,1487.3520830929724,3.0555408000946045,202.33132934570312,0.06634520900121268,0.01146213710308075,2.703390121459961
278.0,2.471496343612671,0.7018609446251066,206.49819946289062,131.6484436059675,1000.0,278.0,278000,0.7799055576324463,2111.6846685409546,27.449064083099366,139,0.2263038009405136,131.03040373617796,-183.22424743652343,0.7639256715774536,0.20155998051166535,0.023313810312614223,1132.4489219619975,0.188924178481102,1496.1941062927058,2.3152647018432617,204.1218719482422,0.06909341834324562,0.21636812388896942,2.7084996700286865
280.0,2.509831190109253,0.7033635579804277,205.8524169921875,131.5991445489587,1000.0,280.0,280000,0.7335613369941711,2127.6734051704407,21.87451954841614,140,0.029910555109381676,130.09478656483805,-178.69690155029298,0.7018612027168274,0.2032092109322548,0.02285443614607805,1122.812668104802,0.189272940158844,1452.205011795224,2.4674530029296875,203.6556396484375,0.07503130911126835,-0.013628582470119,2.7037148475646973
282.0,2.965806007385254,0.7038833437857424,205.69532775878906,131.61552407124756,1000.0,282.0,282000,0.7428736090660095,2142.604392528534,65.12458892345428,141,0.2398959845304489,130.74360187523502,-184.9153924560547,0.7441260814666748,0.19634855628013612,0.02285443614607805,1125.7506897956582,0.18932069838047028,1446.2927868615432,2.8097169399261475,202.85255432128906,0.07454352518364575,0.2942509651184082,2.709742307662964
284.0,3.3013575077056885,0.7040222736541141,207.199951171875,131.46744272633933,1000.0,284.0,284000,0.7528009414672852,2160.230655670166,37.129063715934755,142,0.1505279242992401,131.38681689714798,-183.34451782226563,0.736918032169342,0.20900695353746415,0.022404113465423047,1130.4323025562753,0.18937280774116516,1478.7528644552692,3.3787498474121094,204.39797973632812,0.0757886272321665,0.08099484443664551,2.716493606567383
286.0,2.2413694858551025,0.704240665794936,209.08543395996094,131.49890112467446,1000.0,286.0,286000,0.7551433444023132,2174.9231176376343,21.263260884284975,143,0.14984074234962463,131.94642107813925,-184.58173431396483,0.7532800436019897,0.20635517686605453,0.02285443614607805,1130.576785349673,0.18920472264289856,1466.347750522882,1.9606273174285889,206.3607177734375,0.07623748854175133,0.16024306416511536,2.724517822265625
288.0,2.3630199432373047,0.7050008259298385,207.0995330810547,131.56886801699693,1000.0,288.0,288000,0.7843412160873413,2188.967681646347,37.745410718917846,144,0.029339918866753578,132.0737839196912,-184.66405364990234,0.7889330387115479,0.19953011751174926,0.021529912675834345,1131.0254320253746,0.18946824967861176,1450.1380124698073,2.0198779106140137,204.69699096679688,0.08093913020770069,0.04147745296359062,2.726041793823242
290.0,2.5322139263153076,0.7050127605682005,206.42674255371094,131.6022827335123,1000.0,290.0,290000,0.7784038186073303,2203.609192609787,66.63882616519928,145,0.14414826035499573,132.72282201678752,-182.14326446533204,0.752132773399353,0.20155287981033326,0.022404113465423047,1137.3241565510596,0.18967539072036743,1471.8048375602418,2.648578405380249,204.01345825195312,0.08328030068203861,0.13629193603992462,2.7291929721832275
292.0,2.8141775131225586,0.7051615609728416,205.2386016845703,131.59534279188892,1000.0,292.0,292000,0.7571542263031006,2218.9235105514526,35.04329267501831,146,0.1471778005361557,133.34902914646798,-185.65380584716797,0.7649887204170227,0.20598027735948563,0.023313810312614223,1141.5804266555206,0.1897231489419937,1470.9697777428837,2.9075167179107666,202.75872802734375,0.08628807730936142,0.1357714980840683,2.7313804626464844
294.0,3.967221736907959,0.705511673803963,206.98719787597656,131.4954634171194,1000.0,294.0,294000,0.7227873206138611,2235.8185777664185,20.77831811904907,147,0.06191946938633919,133.98908921579033,-183.8150848388672,0.7549283504486084,0.19620670437812804,0.02378241789989777,1147.5997389294005,0.1900717318058014,1477.391263481417,4.080135822296143,204.41482543945312,0.09040319977606344,0.03940455988049507,2.7332282066345215
296.0,2.3531320095062256,0.7055131961959701,208.66029357910156,131.40062730890634,1000.0,296.0,296000,0.7422879934310913,2252.652868270874,21.68503079891205,148,0.1484249234199524,134.61870119995604,-183.49163940429688,0.7239084243774414,0.20831212282180786,0.02285443614607805,1153.4472396111275,0.19028855860233307,1478.9274475476966,2.1532652378082275,205.9440155029297,0.09193279811347682,0.10718389600515366,2.7390713691711426
298.0,2.5827319622039795,0.7060236909789565,210.03826904296875,131.2993899590353,1000.0,298.0,298000,0.7229647636413574,2269.6221215724945,34.66528327465058,149,0.014490033499896526,135.24595810088775,-185.1764321899414,0.7172415852546692,0.19995647728443144,0.02285443614607805,1160.3924215371048,0.1904829740524292,1481.3241751968485,2.222269296646118,207.19493103027344,0.09283387353803899,-0.018778741359710693,2.745431900024414
300.0,2.185147285461426,0.7061496350836521,210.55148315429688,131.28874506788947,1000.0,300.0,300000,0.7233725190162659,2285.0397408008575,98.11694377422333,150,0.022491812705993652,135.87957662108025,-185.5809326171875,0.6954363584518433,0.2050859150290489,0.023313810312614223,1167.9773236709736,0.19083277881145477,1495.3817277337744,2.1254003047943115,208.31417846679688,0.09373628506039028,0.01109093427658081,2.751089334487915
302.0,2.389458656311035,0.7060276085528412,209.78839111328125,131.1481404522557,1000.0,302.0,302000,0.7730641961097717,2302.73947429657,33.498749103546146,151,0.0046272873878479,136.50105398426862,-188.64017852783203,0.7282756567001343,0.20336106091737746,0.022404113465423047,1175.1873322285194,0.19110505282878876,1503.4762840837109,2.8106882572174072,207.5849609375,0.09495188340886537,0.06726691871881485,2.757300853729248
304.0,3.4427313804626465,0.7056807045033594,208.99984741210938,131.06298430018154,1000.0,304.0,304000,0.6994522213935852,2319.495482444763,22.636644554138183,152,0.15152890980243683,137.12902065983494,-186.84896057128907,0.7057440876960754,0.20435810327529907,0.02285443614607805,1183.2004152462434,0.19150559604167938,1542.1306012970242,3.6436140537261963,206.54270935058594,0.09661142048786736,0.04196648672223091,2.761366605758667
306.0,3.6342461109161377,0.706727112215109,209.237548828125,130.92597346972744,1000.0,306.0,306000,0.7566717863082886,2337.198585510254,23.80044651031494,153,-0.09731736034154892,136.33205776619795,-187.41583465576173,0.7586694955825806,0.2035246315598488,0.02285443614607805,1174.607598206869,0.19175755977630615,1501.3044441809207,3.826066017150879,206.52719116210938,0.10133940435497171,-0.1515367031097412,2.757505416870117
308.0,3.062553882598877,0.7071916546516217,212.02639770507812,130.8646917528066,1000.0,308.0,308000,0.7663225531578064,2353.576017141342,37.807532868385316,154,0.09074994176626205,136.4490596035475,-184.8233969116211,0.763396680355072,0.1992963421344757,0.021962663920618613,1173.8584706804559,0.19187887012958527,1485.3046842465526,3.098313093185425,209.2760467529297,0.10448385164833893,0.10057028383016586,2.7581846714019775
310.0,2.263068675994873,0.7071299162577948,212.3082733154297,130.83974221889784,1000.0,310.0,310000,0.7818772196769714,2369.310690641403,57.94048331737518,155,-0.0072917938232421875,137.0488074193697,-187.43190948486327,0.8003829121589661,0.1970200803875923,0.021529912675834345,1179.6736548864428,0.1920928955078125,1497.682684975118,2.3306479454040527,209.5833282470703,0.10710478256517485,0.0011378228664398193,2.759769916534424
312.0,1.8332096338272095,0.7068888473005939,212.78189086914062,130.781595968687,1000.0,312.0,312000,0.7420558929443359,2385.6567714214325,12.997141709327698,156,0.09167169779539108,137.64044286459418,-184.82063385009766,0.7425694465637207,0.20144607365131378,0.022404113465423047,1183.9644624891664,0.19212041795253754,1513.083869325771,1.7584543228149414,210.3164825439453,0.10866723171227696,0.10128835588693619,2.7609572410583496
314.0,2.6301217079162598,0.706784880034643,211.16635131835938,130.82087650325232,1000.0,314.0,314000,0.7295080423355103,2400.228529214859,42.369868903160096,157,0.2489834874868393,138.22654253572605,-185.06088317871092,0.7414543032646179,0.20181791871786117,0.02285443614607805,1190.2960909968128,0.19245363771915436,1525.095265652309,2.869835138320923,208.71998596191406,0.11024567985724462,0.24563787877559662,2.7647218704223633
316.0,3.722435712814331,0.7062693669859668,210.12051391601562,130.76041834147642,1000.0,316.0,316000,0.7708617448806763,2416.6334431171417,49.98330592155457,158,0.08093255013227463,138.81061784889616,-188.83774322509765,0.7441568374633789,0.20459189981222153,0.02285443614607805,1196.9616224174333,0.19287832081317902,1554.2315247006873,4.024512767791748,207.51754760742188,0.11166262894905643,0.13238324224948883,2.7680375576019287
318.0,3.795653820037842,0.706450153102764,209.60528564453125,130.71842924458102,1000.0,318.0,318000,0.7601057291030884,2432.7097704410553,54.63552680492401,159,0.007442295551300049,139.38046540314784,-187.78527160644532,0.7557796835899353,0.19988959044218063,0.021529912675834345,1203.60880442741,0.1930777132511139,1579.5840125835364,3.786656141281128,207.19189453125,0.11341909286312878,-0.025672227144241333,2.7726800441741943
320.0,2.4575488567352295,0.7060897965775814,210.7979278564453,130.61895996195943,1000.0,320.0,320000,0.7225130796432495,2449.874046564102,42.09271903991699,160,0.273529052734375,139.96024700179584,-186.71884368896485,0.7502546310424805,0.20173074275255204,0.023313810312614223,1211.268091778511,0.19341637194156647,1586.8805357220547,2.2940585613250732,208.31243896484375,0.11417689591536985,0.2314501851797104,2.7793004512786865
322.0,2.9098703861236572,0.706108671612995,209.55043029785156,130.65923171255534,1000.0,322.0,322000,0.7551199793815613,2464.425940513611,22.03359082698822,161,0.1520676165819168,140.54059460117986,-186.1242333984375,0.7414798140525818,0.19698869436979294,0.021105688340196396,1219.2392724993306,0.19387908279895782,1623.7141356583265,2.7139978408813477,207.08050537109375,0.11467158195073425,0.15895117819309235,2.784086227416992
324.0,2.095994710922241,0.7056734959392861,210.21763610839844,130.69238891819074,1000.0,324.0,324000,0.7562990784645081,2479.103815317154,36.87725381374359,162,0.2050687074661255,141.1101071509892,-189.36199157714844,0.7663173675537109,0.20006009668111802,0.021105688340196396,1225.4806528567017,0.19424261152744293,1655.5567729078934,1.94521164894104,207.83651733398438,0.11520290878220721,0.15658509731292725,2.789357900619507
326.0,3.2919039726257324,0.7054692762966606,209.5468292236328,130.71863863685985,1000.0,326.0,326000,0.762066662311554,2493.9060213565826,56.89874762058258,163,0.1308184564113617,141.6513492953108,-189.19939910888672,0.7790004014968872,0.1999607652425766,0.021962663920618613,1231.0187389182863,0.19448783993721008,1681.571239569575,3.474982976913452,207.12989807128906,0.11584396304176868,0.16889049112796783,2.7943921089172363
328.0,3.5303592681884766,0.7057343273733278,210.8983154296875,130.72874944842138,1000.0,328.0,328000,0.8063681721687317,2509.0119915008545,34.24301584243774,164,0.18285387754440308,142.21408597467476,-189.49087921142578,0.8132098317146301,0.2067901873588562,0.02285443614607805,1238.5062186071877,0.19464536011219025,1696.2428629969252,3.811302423477173,207.91714477539062,0.11469338779778514,0.22216105461120605,2.802206039428711
330.0,2.40437650680542,0.706026398778461,213.6043701171875,130.66021052574638,1000.0,330.0,330000,0.7783083319664001,2525.63499379158,42.93388611316681,165,0.1784977912902832,142.26336409901128,-190.7981655883789,0.7725464701652527,0.197700178027153,0.02378241789989777,1238.8577200502884,0.19501464068889618,1684.2475412673448,2.419421672821045,211.135986328125,0.11631171671234516,0.12853871285915375,2.8042917251586914
332.0,2.41331148147583,0.7058583474952921,212.92333984375,130.63981186302766,1000.0,332.0,332000,0.8042787909507751,2541.3386261463165,23.147317514419555,166,0.2463688999414444,142.7758138098257,-191.53285461425781,0.8031912446022034,0.19719587802886962,0.021962663920618613,1242.7700401442219,0.1952374428510666,1692.6394722365785,2.2342891693115234,209.97079467773438,0.11774639160526841,0.24306762218475342,2.8096797466278076
334.0,3.358273506164551,0.7057167906023198,213.58799743652344,130.51159952999024,1000.0,334.0,334000,0.7805436253547668,2559.159501552582,51.77014692783356,167,0.1624564826488495,143.333471091773,-195.29385284423827,0.7931760549545288,0.20794219106435777,0.02285443614607805,1249.1147366683824,0.19553522765636444,1696.0971876287192,3.7419402599334717,211.20135498046875,0.12004687047075152,0.11249178647994995,2.8130311965942383
336.0,4.847264289855957,0.705958080866602,215.02053833007812,130.41871929237558,1000.0,336.0,336000,0.7781255841255188,2576.3172788619995,41.029836745262145,168,0.21128112077713013,143.86184557270437,-194.25696563720703,0.7955040335655212,0.21032378375530242,0.022404113465423047,1252.8283998245533,0.1957421451807022,1692.6615548627333,4.846335411071777,212.14395141601562,0.12062168370031882,0.1839744597673416,2.8176631927490234
338.0,3.765988349914551,0.7062225160383113,216.77853393554688,130.4420984472474,1000.0,338.0,338000,0.7689578533172607,2591.187998533249,90.7890371799469,169,0.2791098952293396,144.1973803516309,-197.62685852050782,0.7483915686607361,0.20330338120460512,0.021962663920618613,1255.4398635807675,0.19599732756614685,1681.5224745194666,3.547854423522949,213.74891662597656,0.12195309642406887,0.3103064000606537,2.822941303253174
340.0,2.5385918617248535,0.7062205993972243,218.68133544921875,130.35649127520222,1000.0,340.0,340000,0.760945737361908,2608.232215166092,25.33248703956604,170,0.20329661667346954,144.76488203128926,-197.22376159667968,0.7699666023254395,0.20094405233860016,0.021105688340196396,1262.882170856306,0.1964140683412552,1691.6492598003017,2.5367798805236816,215.890380859375,0.12375755558759038,0.18831050395965576,2.829314708709717
342.0,3.3968844413757324,0.7059839864848778,218.5097198486328,130.29933785643468,1000.0,342.0,342000,0.8508108258247375,2624.72554063797,56.25893146038055,171,0.11977618932723999,145.3393172907634,-200.40844024658202,0.7864913940429688,0.20243094444274903,0.022404113465423047,1270.7016589261061,0.19683882594108582,1721.084291976988,3.5474355220794678,216.02056884765625,0.1250038818474083,0.13786928355693817,2.833037853240967
344.0,3.629185914993286,0.705814964341798,218.97079467773438,130.2155750962279,1000.0,344.0,344000,0.7658371925354004,2641.773073196411,38.87555936336517,172,0.1978355199098587,145.87278192404258,-199.15821472167968,0.7783038020133972,0.2052742576599121,0.021529912675834345,1275.4190899205626,0.19704008102416992,1748.5039948068368,3.1888222694396973,216.5738067626953,0.12543953251922907,0.16699998080730438,2.8387138843536377
346.0,2.7673332691192627,0.7065590601299203,220.84078979492188,130.1173351758094,1000.0,346.0,346000,0.8087800145149231,2659.1383810043335,76.75746465206146,173,0.07822636514902115,145.69422588372782,-198.22371490478517,0.7689316272735596,0.21011001706123353,0.021529912675834345,1273.2531843932231,0.1973763108253479,1763.539754780331,2.6427090167999268,218.10302734375,0.12723548167511425,0.06009453535079956,2.840961217880249
348.0,2.394724130630493,0.7065048822512425,222.19113159179688,130.09554340094792,1000.0,348.0,348000,0.7950214147567749,2674.9571192264557,6.582959628105163,174,0.19099533557891846,146.22602686890926,-199.2639602661133,0.7932149171829224,0.20022066175937653,0.022404113465423047,1278.0617270273178,0.19755728542804718,1763.7126038284891,2.28643798828125,219.65187072753906,0.12801965645958438,0.20004695653915405,2.846548318862915
350.0,3.4724390506744385,0.7063849594158277,221.51455688476562,130.03130976066902,1000.0,350.0,350000,0.8004038333892822,2691.659421443939,29.421826982498168,175,0.17463509738445282,146.80764139995165,-201.40880737304687,0.7972886562347412,0.20107671737670899,0.021529912675834345,1286.0348265731034,0.19813072681427002,1799.693865661342,3.454263925552368,218.3605499267578,0.12909463558157183,0.1894100159406662,2.850339889526367
352.0,2.2539076805114746,0.7064334289197509,220.0062255859375,130.0326719184551,1000.0,352.0,352000,0.8051223158836365,2707.011974811554,56.9126718044281,176,0.12228867411613464,147.37721926236287,-199.99025939941407,0.8031665086746216,0.2140793612599373,0.021529912675834345,1292.1763916823993,0.19852149486541748,1799.1385385072158,1.9048880338668823,218.01080322265625,0.12880775282237905,0.10237708687782288,2.8550922870635986
354.0,2.8024885654449463,0.7067199260792238,218.29953002929688,130.08751501528909,1000.0,354.0,354000,0.7961246371269226,2721.245001554489,63.13380568027496,177,0.14308495819568634,147.17353453298847,-200.1141796875,0.7852451205253601,0.2076481118798256,0.021962663920618613,1289.3210954082335,0.19881583750247955,1780.1727807756627,3.0054383277893066,215.97152709960938,0.1322510283684666,0.08880963176488876,2.85598087310791
356.0,5.060685634613037,0.7065737319364634,218.42001342773438,130.051241515975,1000.0,356.0,356000,0.7851371169090271,2737.3825566768646,40.451488676071165,178,0.018840299919247627,147.71562074256178,-205.70217651367187,0.8096569776535034,0.20578083485364915,0.02028215165170889,1293.6185786827655,0.19904164969921112,1796.7079562798945,5.026921272277832,215.9357147216797,0.1333128666996494,0.04409007728099823,2.860231399536133
358.0,3.4830498695373535,0.7062938153830024,220.84793090820312,130.0962877332252,1000.0,358.0,358000,0.8092317581176758,2751.807958841324,68.95219536304474,179,0.05722851678729057,148.28184980631107,-202.3637203979492,0.7822753190994263,0.20468567192554474,0.021529912675834345,1298.873310937553,0.19940264523029327,1812.5074978974683,3.609722852706909,218.29034423828125,0.13463636568177068,0.11409127712249756,2.8625569343566895
360.0,3.0034279823303223,0.706451665360021,223.1087646484375,130.0411168478244,1000.0,360.0,360000,0.7920070886611938,2768.355184316635,94.29695058345794,180,0.2145814150571823,148.76132806771562,-205.22005767822264,0.7880191206932068,0.19946344584226608,0.02068982289990824,1299.9770452196879,0.1993621289730072,1829.3895181182766,2.749574899673462,220.38314819335938,0.134913895124484,0.12802498042583466,2.8699452877044678
362.0,2.681520700454712,0.706637102472485,224.1216583251953,130.01647833691402,1000.0,362.0,362000,0.8155603408813477,2784.262461423874,101.69654561042786,181,0.13778623938560486,149.3331248160301,-205.84273529052734,0.8178757429122925,0.20146164178848266,0.02068982289990824,1307.546423304926,0.199734628200531,1891.2264616782113,2.3351659774780273,221.2659149169922,0.13458559754583485,0.08730844408273697,2.87933611869812
364.0,2.5062174797058105,0.7066345967480178,223.62515258789062,129.9594470417873,1000.0,364.0,364000,0.8059588670730591,2800.873720884323,115.68352709293366,182,0.15566329658031464,149.89086823161585,-205.89905364990236,0.8053562641143799,0.19023857325315474,0.021105688340196396,1314.43957447139,0.200060173869133,1904.463349813244,2.392979621887207,220.72433471679688,0.13452192611372304,0.18754522502422333,2.8851137161254883
366.0,3.6692681312561035,0.7065204530874893,225.71778869628906,129.99038407664,1000.0,366.0,366000,0.832241415977478,2815.592880964279,43.026370301246644,183,0.03463875129818916,150.4595463230359,-206.33291473388672,0.8283246159553528,0.20523568868637085,0.02068982289990824,1322.400981622732,0.2004629373550415,1919.5089235831495,3.5015053749084473,222.841552734375,0.13588254273814562,0.0784098282456398,2.890153408050537
368.0,3.1814587116241455,0.7065661087138052,226.87548828125,129.90144849473904,1000.0,368.0,368000,0.7989674806594849,2832.916832447052,61.92976028442383,184,0.192460834980011,150.9728118169408,-207.06337493896484,0.7576959729194641,0.20634956508874894,0.02028215165170889,1326.3452961434334,0.2005693018436432,1914.1664751868987,3.221250057220459,224.03665161132812,0.13596090624270987,0.10290596634149551,2.896071195602417
370.0,2.4978108406066895,0.7065833397212999,227.76107788085938,129.83796458413653,1000.0,370.0,370000,0.8278992772102356,2849.7057943344116,54.789476389884946,185,0.07724583148956299,151.28430516969803,-205.34798400878907,0.8047642111778259,0.1932951955497265,0.01873022676619508,1329.17644068875,0.2008742243051529,1907.919942329388,2.4390852451324463,224.84820556640625,0.13813418581071227,0.14154653251171112,2.898503541946411
372.0,2.433626651763916,0.7065110129117725,228.82064819335938,129.7784159881629,1000.0,372.0,372000,0.8678505420684814,2866.4242599010468,66.53428733825683,186,0.007454941514879465,151.83700606337894,-207.80955993652344,0.8324276804924011,0.20149613440036773,0.021105688340196396,1336.1294946054131,0.20121170580387115,1920.4877904619484,2.4038796424865723,225.87814331054688,0.13879936818335492,0.03025479055941105,2.905796527862549
374.0,2.4902777671813965,0.7063467203611916,226.0241241455078,129.6775436749058,1000.0,374.0,374000,0.7864791750907898,2884.0768370628357,41.81130792617798,187,0.03728209808468819,152.38225789036437,-208.28237091064454,0.7565977573394775,0.21137323915958406,0.01988251313764228,1342.3758898886406,0.20151956379413605,1956.0187215288345,2.3071255683898926,223.83172607421875,0.13916493592348522,0.07862303406000137,2.9091269969940186
376.0,3.060976266860962,0.7062695801543897,225.50045776367188,129.71317808915757,1000.0,376.0,376000,0.7964676022529602,2898.7031660079956,79.01186129570007,188,0.23843419551849365,152.91567491460322,-206.61416870117188,0.7890532612800598,0.20273201495409013,0.021962663920618613,1349.1126938603609,0.20191049575805664,1966.5137308616263,3.3576791286468506,222.34555053710938,0.13969085124799877,0.21507079899311066,2.914191961288452
378.0,3.160034656524658,0.7062631890507657,224.56219482421875,129.7152800469621,1000.0,378.0,378000,0.6929416060447693,2914.0745782852173,80.07462447166444,189,0.3153916299343109,153.43053078866353,-210.21722290039062,0.6365861892700195,0.1997474190592766,0.021105688340196396,1354.3634551406199,0.20209138095378876,1971.285857377189,3.441260814666748,222.14215087890625,0.14014968803895353,0.3073327839374542,2.920552968978882
380.0,2.7604434490203857,0.7062030656285692,227.0450439453125,129.69543733004022,1000.0,380.0,380000,0.7459239363670349,2929.941159248352,49.25221173286438,190,0.09534766525030136,153.97325337430019,-210.063759765625,0.7811411619186401,0.20552914708852768,0.01988251313764228,1361.500468776129,0.20248204469680786,2029.826310655845,2.684708833694458,224.43618774414062,0.1402006398414875,0.1068006381392479,2.9254329204559326
382.0,2.5902137756347656,0.7057713645400514,228.7441864013672,129.73589914570792,1000.0,382.0,382000,0.7924159169197083,2944.4433076381683,27.986148262023924,191,0.151663675904274,154.5141046888538,-213.19505676269532,0.7938897013664246,0.21063674807548524,0.0191067043241956,1367.7478394502998,0.20288729667663574,2050.1798014763895,2.706117868423462,225.952392578125,0.1417583856201705,0.22700072824954987,2.92814040184021
384.0,3.0770559310913086,0.7059230639318063,231.32363891601562,129.6704698018305,1000.0,384.0,384000,0.8050346374511719,2961.3527319431305,6.253889007568359,192,0.16834543645381927,154.8115027108748,-214.6762600708008,0.8076626658439636,0.2030130234360695,0.01988251313764228,1370.9266806396354,0.20320259034633636,2053.930714396379,2.98008131980896,228.23605346679688,0.1425252120519718,0.09110168367624283,2.932748317718506
386.0,2.766559600830078,0.7063229336524638,233.65237426757812,129.617279001722,1000.0,386.0,386000,0.7900441288948059,2977.9980182647705,47.88096788406372,193,0.12313780188560486,154.710392208629,-216.32402130126954,0.7986167073249817,0.2007455313205719,0.01988251313764228,1370.3806184318398,0.2034594565629959,2056.219581046837,2.7531468868255615,230.88560485839844,0.14425379481797634,0.06208803132176399,2.9333906173706055
388.0,2.7577590942382812,0.7061598753548982,234.18521118164062,129.55696806751996,1000.0,388.0,388000,0.7757572531700134,2994.8215506076813,85.24528316497803,194,0.10202949494123459,155.24975198198686,-217.14143005371093,0.8097984194755554,0.20705076694488525,0.02028215165170889,1375.487342491591,0.20385128259658813,2079.5376446342934,2.457139730453491,231.1894989013672,0.14539274339170996,0.14578090608119965,2.9360158443450928
390.0,3.5450308322906494,0.7059987488922582,235.86553955078125,129.5125761600361,1000.0,390.0,390000,0.8302839398384094,3011.290575504303,13.00214081287384,195,0.08751258999109268,155.81583060920514,-219.50929962158204,0.8271791934967041,0.19678383231163024,0.02028215165170889,1380.9497742675478,0.20417800545692444,2087.464065645363,3.365579843521118,232.93701171875,0.14556197370988624,0.12718082964420319,2.940138578414917
392.0,2.9473390579223633,0.7058750290059173,238.8591766357422,129.49702908354328,1000.0,392.0,392000,0.816144585609436,3027.096472978592,111.11347631454468,196,0.10681355744600296,156.38933688361882,-221.7298681640625,0.8075028657913208,0.2081392839550972,0.02068982289990824,1387.9319431704482,0.20454908907413483,2107.278371394036,2.714582920074463,236.2663116455078,0.14662854807716363,0.15254387259483337,2.9448082447052
394.0,3.895200490951538,0.705801295160737,238.84388732910156,129.4704716557667,1000.0,394.0,394000,0.8277400135993958,3043.1649391651154,49.576580004692076,197,0.15359745919704437,156.96708118616476,-222.44831939697266,0.8201776146888733,0.20362658947706222,0.02068982289990824,1395.2772422386925,0.20488950610160828,2123.4491019680104,3.7876007556915283,236.02886962890625,0.14700049528639844,0.20228959619998932,2.94983172416687
396.0,3.1562273502349854,0.705796556464507,238.91192626953125,129.5020627424484,1000.0,396.0,396000,0.816632866859436,3057.8663506507874,50.10973957061768,198,0.07159089297056198,157.52504242621137,-218.47759674072265,0.8152831792831421,0.2031300348043442,0.02028215165170889,1401.1501454337015,0.20514850318431854,2134.35074666852,2.9803199768066406,236.28175354003906,0.14749722966778442,-0.053610432893037796,2.9557318687438965
398.0,4.689377307891846,0.7060418795383023,237.38015747070312,129.53750664992552,1000.0,398.0,398000,0.8019456267356873,3072.4692044258118,10.30982415676117,199,0.11653592437505722,157.9071535462815,-221.9150811767578,0.8264500498771667,0.21165188699960708,0.01988251313764228,1402.4214276891043,0.20511358976364136,2123.6678660220623,3.77803111076355,234.87794494628906,0.147336311522921,0.10960853099822998,2.9613518714904785
400.0,2.5652287006378174,0.7061567010310635,240.31834411621094,129.39477905117363,1000.0,400.0,400000,0.830485999584198,3091.3148345947266,74.37525061130523,200,0.04027210548520088,158.4766477979669,-224.13341461181642,0.8342922329902649,0.20384045481681823,0.01988251313764228,1408.2712701128964,0.20556789636611938,2129.1531094386637,2.4395549297332764,237.3662567138672,0.14773609061906037,-0.0056360200978815556,2.9644551277160645
